"customer_id","customer_name","segment","age","country","city","state","postal_code","region","first_name","last_name"
"GH-14485","Gene Hale","Corporate",28,"United States","Richardson","Texas","75080","Central","Gene","Hale"
"SN-20710","Steve Nguyen","Home Office",46,"United States","Houston","Texas","77041","Central","Steve","Nguyen"
"LC-16930","Linda Cazamias","Corporate",31,"United States","Naperville","Illinois","60540","Central","Linda","Cazamias"
"ES-14080","Erin Smith","Corporate",20,"United States","Melbourne","Florida","32935","South","Erin","Smith"
"ON-18715","Odella Nelson","Corporate",27,"United States","Eagan","Minnesota","55122","Central","Odella","Nelson"
"PO-18865","Patrick O'Donnell","Consumer",64,"United States","Westland","Michigan","48185","Central","Patrick","O'Donnell"
"LH-16900","Lena Hernandez","Consumer",66,"United States","Dover","Delaware","19901","East","Lena","Hernandez"
"DP-13000","Darren Powers","Consumer",40,"United States","New Albany","Indiana","47150","Central","Darren","Powers"
"JM-15265","Janet Molinari","Corporate",23,"United States","New York City","New York","10024","East","Janet","Molinari"
"TB-21055","Ted Butterfield","Consumer",34,"United States","Troy","New York","12180","East","Ted","Butterfield"
"KM-16720","Kunst Miller","Consumer",69,"United States","Los Angeles","California","90004","West","Kunst","Miller"
"PS-18970","Paul Stevenson","Home Office",31,"United States","Chicago","Illinois","60610","Central","Paul","Stevenson"
"BS-11590","Brendan Sweed","Corporate",45,"United States","Gilbert","Arizona","85234","West","Brendan","Sweed"
"KD-16270","Karen Daniels","Consumer",59,"United States","Springfield","Virginia","22153","South","Karen","Daniels"
"HM-14980","Henry MacAllister","Consumer",35,"United States","New York City","New York","10009","East","Henry","MacAllister"
"JE-15745","Joel Eaton","Consumer",25,"United States","Memphis","Tennessee","38109","South","Joel","Eaton"
"KB-16600","Ken Brennan","Corporate",29,"United States","Houston","Texas","77041","Central","Ken","Brennan"
"SC-20770","Stewart Carmichael","Corporate",18,"United States","Decatur","Alabama","35601","South","Stewart","Carmichael"
"DN-13690","Duane Noonan","Consumer",42,"United States","San Francisco","California","94122","West","Duane","Noonan"
"JC-16105","Julie Creighton","Corporate",56,"United States","Durham","North Carolina","27707","South","Julie","Creighton"
"CS-12400","Christopher Schild","Home Office",33,"United States","Chicago","Illinois","60623","Central","Christopher","Schild"
"PG-18895","Paul Gonzalez","Consumer",64,"United States","Rochester","Minnesota","55901","Central","Paul","Gonzalez"
"GM-14455","Gary Mitchum","Home Office",64,"United States","Houston","Texas","77095","Central","Gary","Mitchum"
"JS-15685","Jim Sink","Corporate",33,"United States","Los Angeles","California","90036","West","Jim","Sink"
"KB-16315","Karl Braun","Consumer",70,"United States","Minneapolis","Minnesota","55407","Central","Karl","Braun"
"RB-19705","Roger Barcio","Home Office",63,"United States","Portland","Oregon","97206","West","Roger","Barcio"
"PN-18775","Parhena Norris","Home Office",35,"United States","New York City","New York","10009","East","Parhena","Norris"
"KD-16345","Katherine Ducich","Consumer",33,"United States","San Francisco","California","94122","West","Katherine","Ducich"
"ER-13855","Elpida Rittenbach","Corporate",56,"United States","Saint Paul","Minnesota","55106","Central","Elpida","Rittenbach"
"RB-19465","Rick Bensley","Home Office",18,"United States","Chicago","Illinois","60610","Central","Rick","Bensley"
"GZ-14470","Gary Zandusky","Consumer",64,"United States","Rochester","Minnesota","55901","Central","Gary","Zandusky"
"LC-16870","Lena Cacioppo","Consumer",63,"United States","Aurora","Colorado","80013","West","Lena","Cacioppo"
"JM-15250","Janet Martin","Consumer",62,"United States","Charlotte","North Carolina","28205","South","Janet","Martin"
"PA-19060","Pete Armstrong","Home Office",31,"United States","Orland Park","Illinois","60462","Central","Pete","Armstrong"
"CV-12805","Cynthia Voltz","Corporate",55,"United States","New York City","New York","10035","East","Cynthia","Voltz"
"CL-12565","Clay Ludtke","Consumer",36,"United States","Urbandale","Iowa","50322","Central","Clay","Ludtke"
"RC-19960","Ryan Crowe","Consumer",34,"United States","Columbus","Ohio","43229","East","Ryan","Crowe"
"DK-13090","Dave Kipp","Consumer",24,"United States","Seattle","Washington","98103","West","Dave","Kipp"
"GG-14650","Greg Guthrie","Corporate",51,"United States","Bristol","Tennessee","37620","South","Greg","Guthrie"
"SC-20725","Steven Cartwright","Consumer",28,"United States","Wilmington","Delaware","19805","East","Steven","Cartwright"
"AD-10180","Alan Dominguez","Home Office",52,"United States","Houston","Texas","77041","Central","Alan","Dominguez"
"PF-19165","Philip Fox","Consumer",30,"United States","Bloomington","Illinois","61701","Central","Philip","Fox"
"TS-21610","Troy Staebel","Consumer",33,"United States","Phoenix","Arizona","85023","West","Troy","Staebel"
"LS-16975","Lindsay Shagiari","Home Office",66,"United States","Los Angeles","California","90004","West","Lindsay","Shagiari"
"DW-13585","Dorothy Wardle","Corporate",62,"United States","Columbus","Ohio","43229","East","Dorothy","Wardle"
"LC-16885","Lena Creighton","Consumer",31,"United States","Roseville","California","95661","West","Lena","Creighton"
"JD-15895","Jonathan Doherty","Corporate",57,"United States","Philadelphia","Pennsylvania","19140","East","Jonathan","Doherty"
"SH-19975","Sally Hughsby","Corporate",60,"United States","San Francisco","California","94122","West","Sally","Hughsby"
"SG-20080","Sandra Glassco","Consumer",52,"United States","Independence","Missouri","64055","Central","Sandra","Glassco"
"HA-14920","Helen Andreada","Consumer",48,"United States","Pasadena","California","91104","West","Helen","Andreada"
"MG-17680","Maureen Gastineau","Home Office",26,"United States","Newark","Ohio","43055","East","Maureen","Gastineau"
"JE-16165","Justin Ellison","Corporate",49,"United States","Franklin","Wisconsin","53132","Central","Justin","Ellison"
"TW-21025","Tamara Willingham","Home Office",61,"United States","Scottsdale","Arizona","85254","West","Tamara","Willingham"
"SP-20650","Stephanie Phelps","Corporate",18,"United States","San Jose","California","95123","West","Stephanie","Phelps"
"NK-18490","Neil Knudson","Home Office",61,"United States","Seattle","Washington","98105","West","Neil","Knudson"
"DB-13060","Dave Brooks","Consumer",50,"United States","Seattle","Washington","98115","West","Dave","Brooks"
"NP-18670","Nora Paige","Consumer",64,"United States","Edmond","Oklahoma","73034","Central","Nora","Paige"
"TT-21070","Ted Trevino","Consumer",67,"United States","Los Angeles","California","90045","West","Ted","Trevino"
"EM-13960","Eric Murdock","Consumer",46,"United States","Philadelphia","Pennsylvania","19134","East","Eric","Murdock"
"RD-19900","Ruben Dartt","Consumer",26,"United States","Carlsbad","New Mexico","88220","West","Ruben","Dartt"
"MJ-17740","Max Jones","Consumer",40,"United States","Seattle","Washington","98115","West","Max","Jones"
"BM-11140","Becky Martin","Consumer",67,"United States","San Antonio","Texas","78207","Central","Becky","Martin"
"CS-12130","Chad Sievert","Consumer",51,"United States","Los Angeles","California","90004","West","Chad","Sievert"
"JB-15400","Jennifer Braxton","Corporate",39,"United States","Chicago","Illinois","60623","Central","Jennifer","Braxton"
"SJ-20500","Shirley Jackson","Consumer",69,"United States","Houston","Texas","77036","Central","Shirley","Jackson"
"JK-15640","Jim Kriz","Home Office",31,"United States","New York City","New York","10009","East","Jim","Kriz"
"DK-13150","David Kendrick","Corporate",20,"United States","Decatur","Illinois","62521","Central","David","Kendrick"
"RM-19675","Robert Marley","Home Office",57,"United States","Monroe","Louisiana","71203","South","Robert","Marley"
"SK-19990","Sally Knutson","Consumer",44,"United States","Fairfield","Connecticut","6824","East","Sally","Knutson"
"FM-14290","Frank Merwin","Home Office",45,"United States","Los Angeles","California","90032","West","Frank","Merwin"
"AM-10360","Alice McCarthy","Corporate",45,"United States","Grand Prairie","Texas","75051","Central","Alice","McCarthy"
"MP-17470","Mark Packer","Home Office",61,"United States","New York City","New York","10035","East","Mark","Packer"
"MZ-17515","Mary Zewe","Corporate",52,"United States","Redlands","California","92374","West","Mary","Zewe"
"CB-12025","Cassandra Brandow","Consumer",43,"United States","Hamilton","Ohio","45011","East","Cassandra","Brandow"
"VM-21685","Valerie Mitchum","Home Office",69,"United States","Westfield","New Jersey","7090","East","Valerie","Mitchum"
"FH-14365","Fred Hopkins","Corporate",49,"United States","Philadelphia","Pennsylvania","19120","East","Fred","Hopkins"
"MB-17305","Maria Bertelson","Consumer",43,"United States","Akron","Ohio","44312","East","Maria","Bertelson"
"BS-11755","Bruce Stewart","Consumer",59,"United States","Denver","Colorado","80219","West","Bruce","Stewart"
"LC-17140","Logan Currie","Consumer",22,"United States","Dallas","Texas","75220","Central","Logan","Currie"
"HK-14890","Heather Kirkland","Corporate",27,"United States","Franklin","Tennessee","37064","South","Heather","Kirkland"
"LE-16810","Laurel Elliston","Consumer",62,"United States","Whittier","California","90604","West","Laurel","Elliston"
"JH-15985","Joseph Holt","Consumer",51,"United States","Saginaw","Michigan","48601","Central","Joseph","Holt"
"MS-17980","Michael Stewart","Corporate",67,"United States","Dallas","Texas","75220","Central","Michael","Stewart"
"VW-21775","Victoria Wilson","Corporate",62,"United States","Medina","Ohio","44256","East","Victoria","Wilson"
"JH-15910","Jonathan Howell","Consumer",40,"United States","Los Angeles","California","90032","West","Jonathan","Howell"
"JB-15925","Joni Blumstein","Consumer",25,"United States","Dublin","Ohio","43017","East","Joni","Blumstein"
"DS-13180","David Smith","Corporate",41,"United States","Detroit","Michigan","48227","Central","David","Smith"
"VD-21670","Valerie Dominguez","Consumer",69,"United States","Columbia","Tennessee","38401","South","Valerie","Dominguez"
"EA-14035","Erin Ashbrook","Corporate",61,"United States","Charlotte","North Carolina","28205","South","Erin","Ashbrook"
"DB-13120","David Bremer","Corporate",60,"United States","Santa Clara","California","95051","West","David","Bremer"
"KL-16645","Ken Lonsdale","Consumer",43,"United States","Chicago","Illinois","60610","Central","Ken","Lonsdale"
"DW-13480","Dianna Wilson","Home Office",25,"United States","Lakeville","Minnesota","55044","Central","Dianna","Wilson"
"LH-17155","Logan Haushalter","Consumer",43,"United States","San Francisco","California","94109","West","Logan","Haushalter"
"KC-16540","Kelly Collister","Consumer",39,"United States","San Diego","California","92037","West","Kelly","Collister"
"DL-13315","Delfina Latchford","Consumer",48,"United States","New York City","New York","10024","East","Delfina","Latchford"
"DR-12880","Dan Reichenbach","Corporate",68,"United States","Chicago","Illinois","60623","Central","Dan","Reichenbach"
"CC-12670","Craig Carreira","Consumer",22,"United States","New York City","New York","10009","East","Craig","Carreira"
"Dl-13600","Dorris liebe","Corporate",68,"United States","Pasadena","Texas","77506","Central","Dorris","liebe"
"SB-20290","Sean Braxton","Corporate",41,"United States","Houston","Texas","77036","Central","Sean","Braxton"
"RC-19825","Roy Collins","Consumer",54,"United States","Chicago","Illinois","60610","Central","Roy","Collins"
"AH-10210","Alan Hwang","Consumer",58,"United States","Brentwood","California","94513","West","Alan","Hwang"
"CB-12535","Claudia Bergmann","Corporate",63,"United States","Chapel Hill","North Carolina","27514","South","Claudia","Bergmann"
"CA-12310","Christine Abelman","Corporate",68,"United States","Cincinnati","Ohio","45231","East","Christine","Abelman"
"KH-16690","Kristen Hastings","Corporate",36,"United States","San Francisco","California","94110","West","Kristen","Hastings"
"BB-10990","Barry Blumstein","Corporate",41,"United States","Inglewood","California","90301","West","Barry","Blumstein"
"AG-10495","Andrew Gjertsen","Corporate",24,"United States","Philadelphia","Pennsylvania","19140","East","Andrew","Gjertsen"
"JO-15280","Jas O'Carroll","Consumer",39,"United States","Los Angeles","California","90004","West","Jas","O'Carroll"
"AH-10195","Alan Haines","Corporate",67,"United States","Tamarac","Florida","33319","South","Alan","Haines"
"NZ-18565","Nick Zandusky","Home Office",23,"United States","Columbus","Ohio","43229","East","Nick","Zandusky"
"KL-16555","Kelly Lampkin","Corporate",60,"United States","Colorado Springs","Colorado","80906","West","Kelly","Lampkin"
"AS-10225","Alan Schoenberger","Corporate",31,"United States","New York City","New York","10024","East","Alan","Schoenberger"
"CR-12625","Corey Roper","Home Office",46,"United States","Lakewood","New Jersey","8701","East","Corey","Roper"
"SH-20395","Shahid Hopkins","Consumer",66,"United States","Arlington","Virginia","22204","South","Shahid","Hopkins"
"BP-11185","Ben Peterman","Corporate",48,"United States","Arvada","Colorado","80004","West","Ben","Peterman"
"TS-21205","Thomas Seio","Corporate",21,"United States","Hackensack","New Jersey","7601","East","Thomas","Seio"
"AG-10525","Andy Gerbode","Corporate",69,"United States","Saint Petersburg","Florida","33710","South","Andy","Gerbode"
"SP-20860","Sung Pak","Corporate",38,"United States","Philadelphia","Pennsylvania","19143","East","Sung","Pak"
"NM-18445","Nathan Mautz","Home Office",21,"United States","New York City","New York","10024","East","Nathan","Mautz"
"FA-14230","Frank Atkinson","Corporate",34,"United States","Long Beach","California","90805","West","Frank","Atkinson"
"GK-14620","Grace Kelly","Corporate",32,"United States","Hesperia","California","92345","West","Grace","Kelly"
"DJ-13510","Don Jones","Corporate",67,"United States","Murfreesboro","Tennessee","37130","South","Don","Jones"
"PO-18850","Patrick O'Brill","Consumer",59,"United States","Philadelphia","Pennsylvania","19143","East","Patrick","O'Brill"
"JL-15850","John Lucas","Consumer",70,"United States","Philadelphia","Pennsylvania","19134","East","John","Lucas"
"DB-13615","Doug Bickford","Consumer",19,"United States","Los Angeles","California","90045","West","Doug","Bickford"
"AC-10420","Alyssa Crouse","Corporate",69,"United States","San Francisco","California","94122","West","Alyssa","Crouse"
"CC-12550","Clay Cheatham","Consumer",42,"United States","San Francisco","California","94122","West","Clay","Cheatham"
"TD-20995","Tamara Dahlen","Consumer",19,"United States","Lowell","Massachusetts","1852","East","Tamara","Dahlen"
"AB-10060","Adam Bellavance","Home Office",25,"United States","New York City","New York","10009","East","Adam","Bellavance"
"JL-15505","Jeremy Lonsdale","Consumer",48,"United States","New York City","New York","10035","East","Jeremy","Lonsdale"
"VB-21745","Victoria Brennan","Corporate",27,"United States","Columbus","Georgia","31907","South","Victoria","Brennan"
"KW-16435","Katrina Willman","Consumer",48,"United States","New York City","New York","10009","East","Katrina","Willman"
"JD-16060","Julia Dunbar","Consumer",70,"United States","San Francisco","California","94109","West","Julia","Dunbar"
"MK-17905","Michael Kennedy","Corporate",20,"United States","Manchester","Connecticut","6040","East","Michael","Kennedy"
"GT-14755","Guy Thornton","Consumer",53,"United States","Harlingen","Texas","78550","Central","Guy","Thornton"
"AG-10900","Arthur Gainer","Consumer",56,"United States","Tucson","Arizona","85705","West","Arthur","Gainer"
"MM-18280","Muhammed MacIntyre","Corporate",59,"United States","Quincy","Illinois","62301","Central","Muhammed","MacIntyre"
"AR-10405","Allen Rosenblatt","Corporate",66,"United States","Franklin","Massachusetts","2038","East","Allen","Rosenblatt"
"RA-19915","Russell Applegate","Consumer",47,"United States","Houston","Texas","77095","Central","Russell","Applegate"
"AS-10285","Alejandro Savely","Corporate",53,"United States","San Francisco","California","94109","West","Alejandro","Savely"
"LA-16780","Laura Armstrong","Corporate",59,"United States","Taylor","Michigan","48180","Central","Laura","Armstrong"
"DO-13435","Denny Ordway","Consumer",25,"United States","Pembroke Pines","Florida","33024","South","Denny","Ordway"
"DK-13225","Dean Katz","Corporate",36,"United States","Philadelphia","Pennsylvania","19140","East","Dean","Katz"
"NG-18430","Nathan Gelder","Consumer",50,"United States","Cincinnati","Ohio","45231","East","Nathan","Gelder"
"MV-18190","Mike Vittorini","Consumer",66,"United States","New York City","New York","10009","East","Mike","Vittorini"
"BP-11095","Bart Pistole","Corporate",30,"United States","Peoria","Illinois","61604","Central","Bart","Pistole"
"VP-21730","Victor Preis","Home Office",35,"United States","Las Vegas","Nevada","89115","West","Victor","Preis"
"SS-20140","Saphhira Shifley","Corporate",33,"United States","Warwick","Rhode Island","2886","East","Saphhira","Shifley"
"AG-10675","Anna Gayman","Consumer",69,"United States","Houston","Texas","77036","Central","Anna","Gayman"
"LF-17185","Luke Foster","Consumer",36,"United States","Miami","Florida","33180","South","Luke","Foster"
"RF-19840","Roy Franzosisch","Consumer",57,"United States","New York City","New York","10024","East","Roy","Franzosisch"
"KH-16510","Keith Herrera","Consumer",27,"United States","San Francisco","California","94110","West","Keith","Herrera"
"KC-16675","Kimberly Carter","Corporate",31,"United States","Seattle","Washington","98105","West","Kimberly","Carter"
"CJ-12010","Caroline Jumper","Consumer",64,"United States","Huntington Beach","California","92646","West","Caroline","Jumper"
"PB-19150","Philip Brown","Consumer",30,"United States","Los Angeles","California","90004","West","Philip","Brown"
"MP-17965","Michael Paige","Corporate",18,"United States","Lawrence","Massachusetts","1841","East","Michael","Paige"
"NF-18385","Natalie Fritzler","Consumer",23,"United States","Jackson","Mississippi","39212","South","Natalie","Fritzler"
"SD-20485","Shirley Daniels","Home Office",70,"United States","New Rochelle","New York","10801","East","Shirley","Daniels"
"KH-16630","Ken Heidel","Corporate",34,"United States","San Antonio","Texas","78207","Central","Ken","Heidel"
"RB-19795","Ross Baird","Home Office",60,"United States","Gastonia","North Carolina","28052","South","Ross","Baird"
"MK-18160","Mike Kennedy","Consumer",22,"United States","Jacksonville","Florida","32216","South","Mike","Kennedy"
"PO-19180","Philisse Overcash","Home Office",46,"United States","Chicago","Illinois","60623","Central","Philisse","Overcash"
"BB-11545","Brenda Bowman","Corporate",60,"United States","Houston","Texas","77070","Central","Brenda","Bowman"
"TB-21595","Troy Blackwell","Consumer",50,"United States","Columbus","Indiana","47201","Central","Troy","Blackwell"
"RB-19360","Raymond Buch","Consumer",70,"United States","Auburn","New York","13021","East","Raymond","Buch"
"EB-13705","Ed Braxton","Corporate",41,"United States","Akron","Ohio","44312","East","Ed","Braxton"
"SC-20095","Sanjit Chand","Consumer",27,"United States","Concord","California","94521","West","Sanjit","Chand"
"TN-21040","Tanja Norvell","Home Office",37,"United States","Phoenix","Arizona","85023","West","Tanja","Norvell"
"JS-15940","Joni Sundaresam","Home Office",26,"United States","Park Ridge","Illinois","60068","Central","Joni","Sundaresam"
"MH-17785","Maya Herman","Corporate",51,"United States","Lindenhurst","New York","11757","East","Maya","Herman"
"JP-15520","Jeremy Pistek","Consumer",54,"United States","San Francisco","California","94110","West","Jeremy","Pistek"
"JE-15475","Jeremy Ellison","Consumer",30,"United States","Troy","New York","12180","East","Jeremy","Ellison"
"JG-15805","John Grady","Corporate",26,"United States","New York City","New York","10024","East","John","Grady"
"XP-21865","Xylona Preis","Consumer",32,"United States","San Diego","California","92024","West","Xylona","Preis"
"EM-14065","Erin Mull","Consumer",48,"United States","New York City","New York","10024","East","Erin","Mull"
"MT-18070","Michelle Tran","Home Office",69,"United States","Los Angeles","California","90045","West","Michelle","Tran"
"SA-20830","Sue Ann Reed","Consumer",34,"United States","Chicago","Illinois","60610","Central","Sue","Ann"
"CW-11905","Carl Weiss","Home Office",31,"United States","Huntsville","Texas","77340","Central","Carl","Weiss"
"AJ-10960","Astrea Jones","Consumer",30,"United States","Rochester","New York","14609","East","Astrea","Jones"
"SS-20590","Sonia Sunley","Consumer",51,"United States","Seattle","Washington","98115","West","Sonia","Sunley"
"RO-19780","Rose O'Brian","Consumer",25,"United States","Memphis","Tennessee","38109","South","Rose","O'Brian"
"MD-17350","Maribeth Dona","Consumer",31,"United States","Fayetteville","Arkansas","72701","South","Maribeth","Dona"
"MY-17380","Maribeth Yedwab","Corporate",70,"United States","Parker","Colorado","80134","West","Maribeth","Yedwab"
"CM-12385","Christopher Martinez","Consumer",19,"United States","Atlanta","Georgia","30318","South","Christopher","Martinez"
"LS-17245","Lynn Smith","Consumer",59,"United States","Gladstone","Missouri","64118","Central","Lynn","Smith"
"BN-11515","Bradley Nguyen","Consumer",63,"United States","Los Angeles","California","90049","West","Bradley","Nguyen"
"DB-13210","Dean Braden","Consumer",41,"United States","Houston","Texas","77041","Central","Dean","Braden"
"MC-17605","Matt Connell","Corporate",49,"United States","Detroit","Michigan","48234","Central","Matt","Connell"
"BD-11605","Brian Dahlen","Consumer",40,"United States","Lawrence","Massachusetts","1841","East","Brian","Dahlen"
"PH-18790","Patricia Hirasaki","Home Office",55,"United States","Lakeland","Florida","33801","South","Patricia","Hirasaki"
"MG-18145","Mike Gockenbach","Consumer",51,"United States","Philadelphia","Pennsylvania","19134","East","Mike","Gockenbach"
"KB-16240","Karen Bern","Corporate",42,"United States","Los Angeles","California","90036","West","Karen","Bern"
"JC-15340","Jasper Cacioppo","Consumer",39,"United States","Los Angeles","California","90032","West","Jasper","Cacioppo"
"RL-19615","Rob Lucas","Consumer",53,"United States","Montgomery","Alabama","36116","South","Rob","Lucas"
"AA-10375","Allen Armold","Consumer",22,"United States","Mesa","Arizona","85204","West","Allen","Armold"
"EP-13915","Emily Phan","Consumer",38,"United States","Chicago","Illinois","60653","Central","Emily","Phan"
"DK-12985","Darren Koutras","Consumer",58,"United States","Henderson","Kentucky","42420","South","Darren","Koutras"
"BD-11500","Bradley Drucker","Consumer",47,"United States","Green Bay","Wisconsin","54302","Central","Bradley","Drucker"
"LM-17065","Liz MacKendrick","Consumer",32,"United States","Springfield","Ohio","45503","East","Liz","MacKendrick"
"AS-10135","Adrian Shami","Home Office",65,"United States","New York City","New York","10035","East","Adrian","Shami"
"BD-11320","Bill Donatelli","Consumer",68,"United States","San Francisco","California","94110","West","Bill","Donatelli"
"GT-14710","Greg Tran","Consumer",67,"United States","Houston","Texas","77070","Central","Greg","Tran"
"AJ-10945","Ashley Jarboe","Consumer",62,"United States","Wilmington","North Carolina","28403","South","Ashley","Jarboe"
"OT-18730","Olvera Toch","Consumer",39,"United States","Los Angeles","California","90045","West","Olvera","Toch"
"LP-17080","Liz Pelletier","Consumer",22,"United States","San Francisco","California","94110","West","Liz","Pelletier"
"CA-12775","Cynthia Arntzen","Consumer",57,"United States","Tampa","Florida","33614","South","Cynthia","Arntzen"
"JF-15490","Jeremy Farry","Consumer",38,"United States","Seattle","Washington","98105","West","Jeremy","Farry"
"FP-14320","Frank Preis","Consumer",20,"United States","Los Angeles","California","90008","West","Frank","Preis"
"EB-13840","Ellis Ballard","Corporate",25,"United States","Seattle","Washington","98105","West","Ellis","Ballard"
"JF-15415","Jennifer Ferguson","Consumer",40,"United States","New York City","New York","10024","East","Jennifer","Ferguson"
"SF-20200","Sarah Foster","Consumer",38,"United States","Marysville","Washington","98270","West","Sarah","Foster"
"TG-21640","Trudy Glocke","Consumer",41,"United States","Long Beach","California","90805","West","Trudy","Glocke"
"CS-11950","Carlos Soltero","Consumer",18,"United States","Chicago","Illinois","60610","Central","Carlos","Soltero"
"CC-12145","Charles Crestani","Consumer",21,"United States","Los Angeles","California","90004","West","Charles","Crestani"
"DV-13465","Dianna Vittorini","Consumer",60,"United States","Denver","Colorado","80219","West","Dianna","Vittorini"
"BD-11725","Bruce Degenhardt","Consumer",36,"United States","Richmond","Kentucky","40475","South","Bruce","Degenhardt"
"ZC-21910","Zuschuss Carroll","Consumer",61,"United States","Salem","Oregon","97301","West","Zuschuss","Carroll"
"MS-17830","Melanie Seite","Consumer",61,"United States","Laredo","Texas","78041","Central","Melanie","Seite"
"LR-16915","Lena Radford","Consumer",35,"United States","San Diego","California","92024","West","Lena","Radford"
"TP-21130","Theone Pippenger","Consumer",64,"United States","Philadelphia","Pennsylvania","19134","East","Theone","Pippenger"
"CK-12205","Chloris Kastensmidt","Consumer",61,"United States","Philadelphia","Pennsylvania","19120","East","Chloris","Kastensmidt"
"AS-10240","Alan Shonely","Consumer",68,"United States","Tampa","Florida","33614","South","Alan","Shonely"
"AR-10510","Andrew Roberts","Consumer",58,"United States","Philadelphia","Pennsylvania","19134","East","Andrew","Roberts"
"NB-18655","Nona Balk","Corporate",42,"United States","Dallas","Texas","75217","Central","Nona","Balk"
"GD-14590","Giulietta Dortch","Corporate",62,"United States","Philadelphia","Pennsylvania","19143","East","Giulietta","Dortch"
"CK-12595","Clytie Kelty","Consumer",60,"United States","Grove City","Ohio","43123","East","Clytie","Kelty"
"NG-18355","Nat Gilpin","Corporate",57,"United States","New York City","New York","10011","East","Nat","Gilpin"
"CA-12265","Christina Anderson","Consumer",49,"United States","Chicago","Illinois","60610","Central","Christina","Anderson"
"SF-20965","Sylvia Foulston","Corporate",64,"United States","Dearborn","Michigan","48126","Central","Sylvia","Foulston"
"MO-17800","Meg O'Connel","Home Office",22,"United States","New York City","New York","10009","East","Meg","O'Connel"
"AT-10735","Annie Thurman","Consumer",30,"United States","Seattle","Washington","98115","West","Annie","Thurman"
"FM-14380","Fred McMath","Consumer",30,"United States","Aurora","Colorado","80013","West","Fred","McMath"
"DJ-13420","Denny Joy","Corporate",21,"United States","Warner Robins","Georgia","31088","South","Denny","Joy"
"ME-17725","Max Engle","Consumer",50,"United States","Aurora","Colorado","80013","West","Max","Engle"
"JD-16150","Justin Deggeller","Corporate",37,"United States","Minneapolis","Minnesota","55407","Central","Justin","Deggeller"
"JL-15835","John Lee","Consumer",57,"United States","Mission Viejo","California","92691","West","John","Lee"
"SC-20305","Sean Christensen","Consumer",30,"United States","Rochester Hills","Michigan","48307","Central","Sean","Christensen"
"CC-12430","Chuck Clark","Home Office",66,"United States","Columbus","Indiana","47201","Central","Chuck","Clark"
"AR-10825","Anthony Rawles","Corporate",39,"United States","Vancouver","Washington","98661","West","Anthony","Rawles"
"SR-20740","Steven Roelle","Home Office",19,"United States","New York City","New York","10024","East","Steven","Roelle"
"123","arc ",NULL,NULL,NULL,NULL,NULL,NULL,NULL,NULL,NULL
"CR-12730","Craig Reiter","Consumer",25,"United States","Columbus","Ohio","43229","East","Craig","Reiter"
"EH-14125","Eugene Hildebrand","Home Office",41,"United States","Aurora","Illinois","60505","Central","Eugene","Hildebrand"
"SP-20545","Sibella Parks","Corporate",68,"United States","New York City","New York","10011","East","Sibella","Parks"
"TH-21235","Tiffany House","Corporate",28,"United States","Dallas","Texas","75081","Central","Tiffany","House"
"RP-19390","Resi Polking","Consumer",44,"United States","Cleveland","Ohio","44105","East","Resi","Polking"
"RB-19570","Rob Beeghly","Consumer",57,"United States","Columbus","Indiana","47201","Central","Rob","Beeghly"
"CD-11980","Carol Darley","Consumer",61,"United States","Tyler","Texas","75701","Central","Carol","Darley"
"DJ-13630","Doug Jacobs","Consumer",41,"United States","New York City","New York","10024","East","Doug","Jacobs"
"GT-14635","Grant Thornton","Corporate",19,"United States","Burlington","North Carolina","27217","South","Grant","Thornton"
"MC-17845","Michael Chen","Consumer",50,"United States","Jackson","Mississippi","39212","South","Michael","Chen"
"RA-19285","Ralph Arnett","Consumer",45,"United States","New York City","New York","10035","East","Ralph","Arnett"
"NP-18325","Naresj Patel","Consumer",70,"United States","Waynesboro","Virginia","22980","South","Naresj","Patel"
"AB-10165","Alan Barnes","Consumer",22,"United States","Los Angeles","California","90036","West","Alan","Barnes"
"JO-15550","Jesus Ocampo","Home Office",58,"United States","Chester","Pennsylvania","19013","East","Jesus","Ocampo"
"JK-15370","Jay Kimmel","Consumer",27,"United States","Long Beach","California","90805","West","Jay","Kimmel"
"BN-11470","Brad Norvell","Corporate",20,"United States","Cary","North Carolina","27511","South","Brad","Norvell"
"DP-13165","David Philippe","Consumer",50,"United States","New York City","New York","10035","East","David","Philippe"
"TH-21550","Tracy Hopkins","Home Office",48,"United States","New York City","New York","10035","East","Tracy","Hopkins"
"AP-10915","Arthur Prichep","Consumer",61,"United States","Palm Coast","Florida","32137","South","Arthur","Prichep"
"RS-19765","Roland Schwarz","Corporate",45,"United States","Mount Vernon","New York","10550","East","Roland","Schwarz"
"SV-20365","Seth Vernon","Consumer",22,"United States","Dover","Delaware","19901","East","Seth","Vernon"
"CK-12325","Christine Kargatis","Home Office",53,"United States","Orem","Utah","84057","West","Christine","Kargatis"
"RD-19810","Ross DeVincentis","Home Office",35,"United States","Los Angeles","California","90045","West","Ross","DeVincentis"
"MR-17545","Mathew Reese","Home Office",37,"United States","Philadelphia","Pennsylvania","19140","East","Mathew","Reese"
"SC-20695","Steve Chapman","Corporate",46,"United States","Hialeah","Florida","33012","South","Steve","Chapman"
"JF-15355","Jay Fein","Consumer",70,"United States","Austin","Texas","78745","Central","Jay","Fein"
"EG-13900","Emily Grady","Consumer",60,"United States","Oceanside","New York","11572","East","Emily","Grady"
"DS-13030","Darrin Sayre","Home Office",62,"United States","Seattle","Washington","98115","West","Darrin","Sayre"
"PO-19195","Phillina Ober","Home Office",45,"United States","Naperville","Illinois","60540","Central","Phillina","Ober"
"SS-20875","Sung Shariari","Consumer",18,"United States","Dallas","Texas","75220","Central","Sung","Shariari"
"PB-19105","Peter Buhler","Consumer",32,"United States","Evanston","Illinois","60201","Central","Peter","Buhler"
"RF-19735","Roland Fjeld","Consumer",38,"United States","Trenton","Michigan","48183","Central","Roland","Fjeld"
"YC-21895","Yoseph Carroll","Corporate",42,"United States","San Francisco","California","94110","West","Yoseph","Carroll"
"DC-13285","Debra Catini","Consumer",48,"United States","Cottage Grove","Minnesota","55016","Central","Debra","Catini"
"CP-12340","Christine Phan","Corporate",38,"United States","New York City","New York","10009","East","Christine","Phan"
"BF-11020","Barry Franzosisch","Corporate",67,"United States","Green Bay","Wisconsin","54302","Central","Barry","Franzosisch"
"LH-17020","Lisa Hazard","Consumer",60,"United States","Columbus","Ohio","43229","East","Lisa","Hazard"
"CS-12250","Chris Selesnick","Corporate",59,"United States","Bossier City","Louisiana","71111","South","Chris","Selesnick"
"AJ-10795","Anthony Johnson","Corporate",27,"United States","Saint Petersburg","Florida","33710","South","Anthony","Johnson"
"BV-11245","Benjamin Venier","Corporate",46,"United States","Des Moines","Iowa","50315","Central","Benjamin","Venier"
"DL-12865","Dan Lawera","Consumer",26,"United States","Cincinnati","Ohio","45231","East","Dan","Lawera"
"BM-11785","Bryan Mills","Consumer",31,"United States","Columbus","Ohio","43229","East","Bryan","Mills"
"LT-17110","Liz Thompson","Consumer",51,"United States","Lancaster","California","93534","West","Liz","Thompson"
"JK-15730","Joe Kamberova","Consumer",69,"United States","Asheville","North Carolina","28806","South","Joe","Kamberova"
"ES-14020","Erica Smith","Consumer",47,"United States","San Francisco","California","94110","West","Erica","Smith"
"RH-19495","Rick Hansen","Consumer",19,"United States","Rochester","Minnesota","55901","Central","Rick","Hansen"
"CD-11920","Carlos Daly","Consumer",51,"United States","Lake Elsinore","California","92530","West","Carlos","Daly"
"HW-14935","Helen Wasserman","Corporate",55,"United States","San Diego","California","92105","West","Helen","Wasserman"
"MC-18130","Mike Caudle","Corporate",59,"United States","Monroe","Louisiana","71203","South","Mike","Caudle"
"GM-14440","Gary McGarr","Consumer",19,"United States","San Francisco","California","94122","West","Gary","McGarr"
"PJ-19015","Pauline Johnson","Consumer",48,"United States","Santa Ana","California","92704","West","Pauline","Johnson"
"BW-11110","Bart Watters","Corporate",50,"United States","Milwaukee","Wisconsin","53209","Central","Bart","Watters"
"TR-21325","Toby Ritter","Consumer",45,"United States","Belleville","New Jersey","7109","East","Toby","Ritter"
"PG-18820","Patrick Gardner","Consumer",38,"United States","San Francisco","California","94110","West","Patrick","Gardner"
"JL-15175","James Lanier","Home Office",25,"United States","Columbia","Tennessee","38401","South","James","Lanier"
"BM-11650","Brian Moss","Corporate",48,"United States","New York City","New York","10035","East","Brian","Moss"
"EM-14095","Eudokia Martin","Corporate",56,"United States","Los Angeles","California","90036","West","Eudokia","Martin"
"AF-10885","Art Foster","Consumer",40,"United States","Louisville","Kentucky","40214","South","Art","Foster"
"GA-14725","Guy Armstrong","Consumer",32,"United States","Lorain","Ohio","44052","East","Guy","Armstrong"
"CK-12760","Cyma Kinney","Corporate",18,"United States","Linden","New Jersey","7036","East","Cyma","Kinney"
"DP-13105","Dave Poirier","Corporate",66,"United States","Salinas","California","93905","West","Dave","Poirier"
"BK-11260","Berenike Kampe","Consumer",37,"United States","New York City","New York","10035","East","Berenike","Kampe"
"SJ-20125","Sanjit Jacobs","Home Office",38,"United States","New Brunswick","New Jersey","8901","East","Sanjit","Jacobs"
"CM-12445","Chuck Magee","Consumer",27,"United States","San Francisco","California","94122","West","Chuck","Magee"
"AJ-10780","Anthony Jacobs","Corporate",47,"United States","Springfield","Virginia","22153","South","Anthony","Jacobs"
"LS-16945","Linda Southworth","Corporate",21,"United States","Philadelphia","Pennsylvania","19140","East","Linda","Southworth"
"GP-14740","Guy Phonely","Corporate",28,"United States","Lancaster","Pennsylvania","17602","East","Guy","Phonely"
"PK-18910","Paul Knutson","Home Office",42,"United States","Philadelphia","Pennsylvania","19143","East","Paul","Knutson"
"SM-20005","Sally Matthias","Consumer",51,"United States","New York City","New York","10009","East","Sally","Matthias"
"AG-10765","Anthony Garverick","Home Office",40,"United States","Philadelphia","Pennsylvania","19120","East","Anthony","Garverick"
"PM-19135","Peter McVee","Home Office",65,"United States","Detroit","Michigan","48227","Central","Peter","McVee"
"LL-16840","Lauren Leatherbury","Consumer",29,"United States","Rochester","New York","14609","East","Lauren","Leatherbury"
"JS-15595","Jill Stevenson","Corporate",65,"United States","Los Angeles","California","90045","West","Jill","Stevenson"
"EL-13735","Ed Ludwig","Home Office",42,"United States","Columbia","Maryland","21044","East","Ed","Ludwig"
"PC-18745","Pamela Coakley","Corporate",25,"United States","San Francisco","California","94122","West","Pamela","Coakley"
"HL-15040","Hunter Lopez","Consumer",65,"United States","Houston","Texas","77095","Central","Hunter","Lopez"
"MS-17365","Maribeth Schnelling","Consumer",55,"United States","Detroit","Michigan","48227","Central","Maribeth","Schnelling"
"GB-14530","George Bell","Corporate",41,"United States","Auburn","New York","13021","East","George","Bell"
"JR-16210","Justin Ritter","Corporate",68,"United States","Springfield","Ohio","45503","East","Justin","Ritter"
"BE-11335","Bill Eplett","Home Office",20,"United States","Jackson","Michigan","49201","Central","Bill","Eplett"
"SC-20050","Sample Company A","Home Office",38,"United States","Norwich","Connecticut","6360","East","Sample","Company"
"RW-19630","Rob Williams","Corporate",23,"United States","Dallas","Texas","75220","Central","Rob","Williams"
"SE-20110","Sanjit Engle","Consumer",28,"United States","New York City","New York","10009","East","Sanjit","Engle"
"AH-10075","Adam Hart","Corporate",21,"United States","New York City","New York","10011","East","Adam","Hart"
"JM-15535","Jessica Myrick","Consumer",36,"United States","Philadelphia","Pennsylvania","19143","East","Jessica","Myrick"
"JJ-15760","Joel Jenkins","Home Office",59,"United States","Springfield","Virginia","22153","South","Joel","Jenkins"
"RK-19300","Ralph Kennedy","Consumer",29,"United States","Philadelphia","Pennsylvania","19140","East","Ralph","Kennedy"
"CG-12040","Catherine Glotzbach","Home Office",27,"United States","Philadelphia","Pennsylvania","19120","East","Catherine","Glotzbach"
"RP-19270","Rachel Payne","Corporate",47,"United States","Riverside","California","92503","West","Rachel","Payne"
"KC-16255","Karen Carlisle","Corporate",23,"United States","San Francisco","California","94110","West","Karen","Carlisle"
"KH-16360","Katherine Hughes","Consumer",69,"United States","Philadelphia","Pennsylvania","19143","East","Katherine","Hughes"
"GH-14665","Greg Hansen","Consumer",67,"United States","Round Rock","Texas","78664","Central","Greg","Hansen"
"SW-20275","Scott Williamson","Consumer",35,"United States","Jackson","Mississippi","39212","South","Scott","Williamson"
"JA-15970","Joseph Airdo","Consumer",56,"United States","Phoenix","Arizona","85023","West","Joseph","Airdo"
"DL-12925","Daniel Lacy","Consumer",23,"United States","Oceanside","California","92054","West","Daniel","Lacy"
"LW-16990","Lindsay Williams","Corporate",58,"United States","San Francisco","California","94110","West","Lindsay","Williams"
"TB-21190","Thomas Brumley","Home Office",29,"United States","Fayetteville","Arkansas","72701","South","Thomas","Brumley"
"BS-11800","Bryan Spruell","Home Office",53,"United States","New York City","New York","10011","East","Bryan","Spruell"
"RW-19690","Robert Waldorf","Consumer",29,"United States","Wilmington","North Carolina","28403","South","Robert","Waldorf"
"TZ-21580","Tracy Zic","Consumer",65,"United States","Louisville","Colorado","80027","West","Tracy","Zic"
"AS-10630","Ann Steele","Home Office",54,"United States","Pasadena","Texas","77506","Central","Ann","Steele"
"TS-21340","Toby Swindell","Consumer",67,"United States","Houston","Texas","77041","Central","Toby","Swindell"
"SL-20155","Sara Luxemburg","Home Office",55,"United States","Jacksonville","Florida","32216","South","Sara","Luxemburg"
"MW-18235","Mitch Willingham","Corporate",30,"United States","Virginia Beach","Virginia","23464","South","Mitch","Willingham"
"RD-19585","Rob Dowd","Consumer",60,"United States","Henderson","Kentucky","42420","South","Rob","Dowd"
"RA-19945","Ryan Akin","Consumer",39,"United States","Murrieta","California","92563","West","Ryan","Akin"
"MT-17815","Meg Tillman","Consumer",58,"United States","Scottsdale","Arizona","85254","West","Meg","Tillman"
"VG-21790","Vivek Gonzalez","Consumer",44,"United States","San Diego","California","92037","West","Vivek","Gonzalez"
"JS-15880","John Stevenson","Consumer",60,"United States","Seattle","Washington","98103","West","John","Stevenson"
"KM-16225","Kalyca Meade","Corporate",57,"United States","New York City","New York","10011","East","Kalyca","Meade"
"HR-14770","Hallie Redmond","Home Office",67,"United States","Los Angeles","California","90045","West","Hallie","Redmond"
"DE-13255","Deanra Eno","Home Office",42,"United States","Springfield","Ohio","45503","East","Deanra","Eno"
"AG-10390","Allen Goldenen","Consumer",47,"United States","Cincinnati","Ohio","45231","East","Allen","Goldenen"
"JJ-15445","Jennifer Jackson","Consumer",47,"United States","Los Angeles","California","90004","West","Jennifer","Jackson"
"JH-15430","Jennifer Halladay","Consumer",48,"United States","Burlington","North Carolina","27217","South","Jennifer","Halladay"
"RD-19660","Robert Dilbeck","Home Office",53,"United States","Saint Peters","Missouri","63376","Central","Robert","Dilbeck"
"MO-17500","Mary O'Rourke","Consumer",25,"United States","New York City","New York","10035","East","Mary","O'Rourke"
"NS-18640","Noel Staavos","Corporate",37,"United States","Chicago","Illinois","60610","Central","Noel","Staavos"
"DG-13300","Deirdre Greer","Corporate",60,"United States","Philadelphia","Pennsylvania","19134","East","Deirdre","Greer"
"564","DA%5",NULL,NULL,NULL,NULL,NULL,NULL,NULL,NULL,NULL
"NF-18595","Nicole Fjeld","Home Office",42,"United States","New York City","New York","10009","East","Nicole","Fjeld"
"MG-17650","Matthew Grinstein","Home Office",53,"United States","Philadelphia","Pennsylvania","19143","East","Matthew","Grinstein"
"TS-21160","Theresa Swint","Corporate",27,"United States","Toledo","Ohio","43615","East","Theresa","Swint"
"BD-11620","Brian DeCherney","Consumer",46,"United States","San Francisco","California","94122","West","Brian","DeCherney"
"CM-12160","Charles McCrossin","Consumer",58,"United States","Brownsville","Texas","78521","Central","Charles","McCrossin"
"SN-20560","Skye Norling","Home Office",65,"United States","Los Angeles","California","90008","West","Skye","Norling"
"EH-14005","Erica Hernandez","Home Office",38,"United States","Denver","Colorado","80219","West","Erica","Hernandez"
"FO-14305","Frank Olsen","Consumer",22,"United States","New York City","New York","10035","East","Frank","Olsen"
"MS-17710","Maurice Satty","Consumer",46,"United States","Mesa","Arizona","85204","West","Maurice","Satty"
"CC-12100","Chad Cunningham","Home Office",30,"United States","Columbus","Indiana","47201","Central","Chad","Cunningham"
"DW-13540","Don Weiss","Consumer",60,"United States","Seattle","Washington","98105","West","Don","Weiss"
"BT-11395","Bill Tyler","Corporate",32,"United States","Detroit","Michigan","48227","Central","Bill","Tyler"
"CY-12745","Craig Yedwab","Corporate",36,"United States","Oakland","California","94601","West","Craig","Yedwab"
"BT-11485","Brad Thomas","Home Office",66,"United States","Clinton","Maryland","20735","East","Brad","Thomas"
"PS-19045","Penelope Sewall","Home Office",23,"United States","Charlotte","North Carolina","28205","South","Penelope","Sewall"
"PV-18985","Paul Van Hugh","Home Office",64,"United States","San Francisco","California","94122","West","Paul","Van"
"NM-18520","Neoma Murray","Consumer",45,"United States","Riverside","California","92503","West","Neoma","Murray"
"DL-13495","Dionis Lloyd","Corporate",52,"United States","San Francisco","California","94110","West","Dionis","Lloyd"
"CS-12355","Christine Sundaresam","Consumer",63,"United States","Roswell","Georgia","30076","South","Christine","Sundaresam"
"FH-14275","Frank Hawley","Corporate",26,"United States","La Porte","Indiana","46350","Central","Frank","Hawley"
"NC-18340","Nat Carroll","Consumer",45,"United States","Lansing","Michigan","48911","Central","Nat","Carroll"
"AA-10315","Alex Avila","Consumer",66,"United States","Minneapolis","Minnesota","55407","Central","Alex","Avila"
"LT-16765","Larry Tron","Consumer",42,"United States","Escondido","California","92025","West","Larry","Tron"
"AP-10720","Anne Pryor","Home Office",18,"United States","New York City","New York","10035","East","Anne","Pryor"
"PM-18940","Paul MacIntyre","Consumer",41,"United States","Jackson","Michigan","49201","Central","Paul","MacIntyre"
"AT-10435","Alyssa Tate","Home Office",19,"United States","Los Angeles","California","90004","West","Alyssa","Tate"
"CA-12055","Cathy Armstrong","Home Office",67,"United States","Houston","Texas","77070","Central","Cathy","Armstrong"
"HR-14830","Harold Ryan","Corporate",69,"United States","Seattle","Washington","98103","West","Harold","Ryan"
"BT-11530","Bradley Talbott","Home Office",34,"United States","Los Angeles","California","90036","West","Bradley","Talbott"
"LH-16750","Larry Hughes","Consumer",37,"United States","Charlotte","North Carolina","28205","South","Larry","Hughes"
"SW-20755","Steven Ward","Corporate",57,"United States","New York City","New York","10009","East","Steven","Ward"
"SP-20620","Stefania Perrino","Corporate",32,"United States","Philadelphia","Pennsylvania","19134","East","Stefania","Perrino"
"BF-11170","Ben Ferrer","Home Office",19,"United States","Los Angeles","California","90036","West","Ben","Ferrer"
"KT-16480","Kean Thornton","Consumer",51,"United States","Buffalo","New York","14215","East","Kean","Thornton"
"BG-11695","Brooke Gillingham","Corporate",46,"United States","Cincinnati","Ohio","45231","East","Brooke","Gillingham"
"GM-14680","Greg Matthias","Consumer",69,"United States","Seattle","Washington","98105","West","Greg","Matthias"
"EJ-14155","Eva Jacobs","Consumer",22,"United States","Gulfport","Mississippi","39503","South","Eva","Jacobs"
"NP-18700","Nora Preis","Consumer",32,"United States","Fresno","California","93727","West","Nora","Preis"
"MH-18115","Mick Hernandez","Home Office",25,"United States","Chester","Pennsylvania","19013","East","Mick","Hernandez"
"JR-15700","Jocasta Rupert","Consumer",69,"United States","Jacksonville","Florida","32216","South","Jocasta","Rupert"
"SM-20950","Suzanne McNair","Corporate",54,"United States","Greenville","North Carolina","27834","South","Suzanne","McNair"
"CC-12220","Chris Cortes","Consumer",18,"United States","La Porte","Indiana","46350","Central","Chris","Cortes"
"PF-19225","Phillip Flathmann","Consumer",49,"United States","San Francisco","California","94122","West","Phillip","Flathmann"
"DC-12850","Dan Campbell","Consumer",50,"United States","Florence","Alabama","35630","South","Dan","Campbell"
"BD-11770","Bryan Davis","Consumer",50,"United States","Houston","Texas","77070","Central","Bryan","Davis"
"GM-14500","Gene McClure","Consumer",41,"United States","Providence","Rhode Island","2908","East","Gene","McClure"
"TB-21355","Todd Boyes","Corporate",53,"United States","New York City","New York","10009","East","Todd","Boyes"
"JH-16180","Justin Hirsh","Consumer",57,"United States","Pueblo","Colorado","81001","West","Justin","Hirsh"
"EB-13975","Erica Bern","Corporate",53,"United States","Fairfield","California","94533","West","Erica","Bern"
"QJ-19255","Quincy Jones","Corporate",48,"United States","Saint Paul","Minnesota","55106","Central","Quincy","Jones"
"TC-21535","Tracy Collins","Home Office",57,"United States","Arlington","Virginia","22204","South","Tracy","Collins"
"CS-12460","Chuck Sachs","Consumer",44,"United States","Columbus","Georgia","31907","South","Chuck","Sachs"
"HG-14965","Henry Goldwyn","Corporate",32,"United States","Los Angeles","California","90032","West","Henry","Goldwyn"
"LW-16825","Laurel Workman","Corporate",64,"United States","Deltona","Florida","32725","South","Laurel","Workman"
"MC-17575","Matt Collins","Consumer",25,"United States","Cincinnati","Ohio","45231","East","Matt","Collins"
"LP-17095","Liz Preis","Consumer",58,"United States","Murray","Kentucky","42071","South","Liz","Preis"
"EB-14170","Evan Bailliet","Consumer",64,"United States","Wilmington","North Carolina","28403","South","Evan","Bailliet"
"GZ-14545","George Zrebassa","Corporate",56,"United States","Lawrence","Massachusetts","1841","East","George","Zrebassa"
"CP-12085","Cathy Prescott","Corporate",62,"United States","Norwich","Connecticut","6360","East","Cathy","Prescott"
"FG-14260","Frank Gastineau","Home Office",67,"United States","San Francisco","California","94110","West","Frank","Gastineau"
"LD-17005","Lisa DeCherney","Consumer",65,"United States","San Francisco","California","94109","West","Lisa","DeCherney"
"AB-10255","Alejandro Ballentine","Home Office",34,"United States","Lorain","Ohio","44052","East","Alejandro","Ballentine"
"MN-17935","Michael Nguyen","Consumer",41,"United States","Dallas","Texas","75220","Central","Michael","Nguyen"
"JR-15670","Jim Radford","Consumer",18,"United States","Middletown","Connecticut","6457","East","Jim","Radford"
"JF-15190","Jamie Frazer","Consumer",26,"United States","Los Angeles","California","90008","West","Jamie","Frazer"
"CM-12115","Chad McGuire","Consumer",50,"United States","New York City","New York","10011","East","Chad","McGuire"
"AS-10045","Aaron Smayling","Corporate",42,"United States","Jacksonville","North Carolina","28540","South","Aaron","Smayling"
"BP-11290","Beth Paige","Consumer",26,"United States","Evanston","Illinois","60201","Central","Beth","Paige"
"ND-18370","Natalie DeCherney","Consumer",41,"United States","Louisville","Kentucky","40214","South","Natalie","DeCherney"
"LB-16735","Larry Blacks","Consumer",65,"United States","Fort Worth","Texas","76106","Central","Larry","Blacks"
"KT-16465","Kean Takahito","Consumer",24,"United States","Los Angeles","California","90049","West","Kean","Takahito"
"HM-14860","Harry Marie","Corporate",64,"United States","Philadelphia","Pennsylvania","19120","East","Harry","Marie"
"AB-10600","Ann Blume","Corporate",34,"United States","Tucson","Arizona","85705","West","Ann","Blume"
"SZ-20035","Sam Zeldin","Home Office",39,"United States","Pico Rivera","California","90660","West","Sam","Zeldin"
"MG-17890","Michael Granlund","Home Office",31,"United States","Clinton","Maryland","20735","East","Michael","Granlund"
"JK-16120","Julie Kriz","Home Office",67,"United States","Aurora","Illinois","60505","Central","Julie","Kriz"
"PP-18955","Paul Prost","Home Office",44,"United States","Smyrna","Georgia","30080","South","Paul","Prost"
"YS-21880","Yana Sorensen","Corporate",31,"United States","Burlington","North Carolina","27217","South","Yana","Sorensen"
"KM-16375","Katherine Murray","Home Office",70,"United States","Salem","Virginia","24153","South","Katherine","Murray"
"AB-10105","Adrian Barton","Consumer",63,"United States","Phoenix","Arizona","85023","West","Adrian","Barton"
"HA-14905","Helen Abelman","Consumer",58,"United States","New York City","New York","10024","East","Helen","Abelman"
"BT-11305","Beth Thompson","Home Office",38,"United States","Costa Mesa","California","92627","West","Beth","Thompson"
"SV-20815","Stuart Van","Corporate",42,"United States","Houston","Texas","77041","Central","Stuart","Van"
"RW-19540","Rick Wilson","Corporate",52,"United States","Mesa","Arizona","85204","West","Rick","Wilson"
"DK-12835","Damala Kotsonis","Corporate",57,"United States","Salinas","California","93905","West","Damala","Kotsonis"
"ST-20530","Shui Tom","Consumer",26,"United States","Parma","Ohio","44134","East","Shui","Tom"
"MM-17920","Michael Moore","Consumer",41,"United States","San Francisco","California","94110","West","Michael","Moore"
"PW-19030","Pauline Webber","Corporate",47,"United States","Richmond","Kentucky","40475","South","Pauline","Webber"
"SC-20440","Shaun Chance","Corporate",28,"United States","Aurora","Colorado","80013","West","Shaun","Chance"
"TS-21085","Thais Sissman","Consumer",21,"United States","Phoenix","Arizona","85023","West","Thais","Sissman"
"MC-17425","Mark Cousins","Corporate",50,"United States","Mobile","Alabama","36608","South","Mark","Cousins"
"ME-17320","Maria Etezadi","Home Office",48,"United States","Columbus","Georgia","31907","South","Maria","Etezadi"
"NH-18610","Nicole Hansen","Corporate",44,"United States","Irving","Texas","75061","Central","Nicole","Hansen"
"MB-18085","Mick Brown","Consumer",54,"United States","Vineland","New Jersey","8360","East","Mick","Brown"
"KD-16495","Keith Dawkins","Corporate",68,"United States","New York City","New York","10009","East","Keith","Dawkins"
"KN-16390","Katherine Nockton","Corporate",43,"United States","Los Angeles","California","90004","West","Katherine","Nockton"
"NP-18685","Nora Pelletier","Home Office",42,"United States","Niagara Falls","New York","14304","East","Nora","Pelletier"
"CS-12505","Cindy Stewart","Consumer",41,"United States","Thomasville","North Carolina","27360","South","Cindy","Stewart"
"MS-17770","Maxwell Schwartz","Consumer",47,"United States","New York City","New York","10035","East","Maxwell","Schwartz"
"CM-12655","Corinna Mitchell","Home Office",33,"United States","Los Angeles","California","90008","West","Corinna","Mitchell"
"Co-12640","Corey-Lock","Consumer",55,"United States","Philadelphia","Pennsylvania","19143","East","Corey-Lock",""
"TS-21370","Todd Sumrall","Corporate",62,"United States","New York City","New York","10035","East","Todd","Sumrall"
"JW-15220","Jane Waco","Corporate",24,"United States","Vancouver","Washington","98661","West","Jane","Waco"
"JD-15790","John Dryer","Consumer",26,"United States","Coppell","Texas","75019","Central","John","Dryer"
"PC-19000","Pauline Chand","Home Office",49,"United States","Los Angeles","California","90004","West","Pauline","Chand"
"AR-10540","Andy Reiter","Consumer",48,"United States","New York City","New York","10024","East","Andy","Reiter"
"AI-10855","Arianne Irving","Consumer",35,"United States","Philadelphia","Pennsylvania","19120","East","Arianne","Irving"
"TB-21400","Tom Boeckenhauer","Consumer",37,"United States","Seattle","Washington","98105","West","Tom","Boeckenhauer"
"PL-18925","Paul Lucas","Home Office",20,"United States","Chicago","Illinois","60610","Central","Paul","Lucas"
"GH-14425","Gary Hwang","Consumer",63,"United States","Tucson","Arizona","85705","West","Gary","Hwang"
"MP-18175","Mike Pelletier","Home Office",34,"United States","Laguna Niguel","California","92677","West","Mike","Pelletier"
"JM-15655","Jim Mitchum","Corporate",28,"United States","Bridgeton","New Jersey","8302","East","Jim","Mitchum"
"CL-11890","Carl Ludwig","Consumer",63,"United States","Everett","Massachusetts","2149","East","Carl","Ludwig"
"DB-13270","Deborah Brumfield","Home Office",24,"United States","San Diego","California","92024","West","Deborah","Brumfield"
"IG-15085","Ivan Gibson","Consumer",63,"United States","San Diego","California","92024","West","Ivan","Gibson"
"BO-11425","Bobby Odegard","Consumer",63,"United States","Richmond","Kentucky","40475","South","Bobby","Odegard"
"AB-10150","Aimee Bixby","Consumer",65,"United States","Long Beach","New York","11561","East","Aimee","Bixby"
"JW-16075","Julia West","Consumer",25,"United States","Philadelphia","Pennsylvania","19140","East","Julia","West"
"EB-13750","Edward Becker","Corporate",20,"United States","Seattle","Washington","98103","West","Edward","Becker"
"SG-20470","Sheri Gordon","Consumer",44,"United States","New York City","New York","10011","East","Sheri","Gordon"
"JS-16030","Joy Smith","Consumer",51,"United States","Houston","Texas","77036","Central","Joy","Smith"
"CM-12190","Charlotte Melton","Consumer",66,"United States","Philadelphia","Pennsylvania","19134","East","Charlotte","Melton"
"AW-10840","Anthony Witt","Consumer",37,"United States","Allen","Texas","75002","Central","Anthony","Witt"
"MC-18100","Mick Crebagga","Consumer",65,"United States","El Paso","Texas","79907","Central","Mick","Crebagga"
"TT-21460","Tonja Turnell","Home Office",22,"United States","Aurora","Illinois","60505","Central","Tonja","Turnell"
"VG-21805","Vivek Grady","Corporate",54,"United States","Virginia Beach","Virginia","23464","South","Vivek","Grady"
"MY-18295","Muhammed Yedwab","Corporate",25,"United States","Grapevine","Texas","76051","Central","Muhammed","Yedwab"
"RD-19480","Rick Duston","Consumer",47,"United States","Olympia","Washington","98502","West","Rick","Duston"
"DP-13390","Dennis Pardue","Home Office",44,"United States","Peoria","Illinois","61604","Central","Dennis","Pardue"
"ML-17395","Marina Lichtenstein","Corporate",44,"United States","Los Angeles","California","90008","West","Marina","Lichtenstein"
"JC-15385","Jenna Caffey","Consumer",35,"United States","Kent","Washington","98031","West","Jenna","Caffey"
"JG-15160","James Galang","Consumer",37,"United States","Los Angeles","California","90049","West","James","Galang"
"MC-17275","Marc Crier","Consumer",24,"United States","Lafayette","Louisiana","70506","South","Marc","Crier"
"NW-18400","Natalie Webber","Consumer",29,"United States","Tigard","Oregon","97224","West","Natalie","Webber"
"TB-21280","Toby Braunhardt","Consumer",24,"United States","Washington","District of Columbia","20016","East","Toby","Braunhardt"
"BS-11380","Bill Stewart","Corporate",53,"United States","Skokie","Illinois","60076","Central","Bill","Stewart"
"HH-15010","Hilary Holden","Corporate",58,"United States","San Francisco","California","94110","West","Hilary","Holden"
"CD-12280","Christina DeMoss","Consumer",42,"United States","Seattle","Washington","98105","West","Christina","DeMoss"
"TH-21100","Thea Hendricks","Consumer",21,"United States","Los Angeles","California","90045","West","Thea","Hendricks"
"MM-18055","Michelle Moray","Consumer",19,"United States","Seattle","Washington","98115","West","Michelle","Moray"
"NS-18505","Neola Schneider","Consumer",54,"United States","Dallas","Texas","75217","Central","Neola","Schneider"
"RB-19645","Robert Barroso","Corporate",40,"United States","North Las Vegas","Nevada","89031","West","Robert","Barroso"
"SW-20455","Shaun Weien","Consumer",21,"United States","Suffolk","Virginia","23434","South","Shaun","Weien"
"EB-13930","Eric Barreto","Consumer",63,"United States","San Francisco","California","94110","West","Eric","Barreto"
"PS-18760","Pamela Stobb","Consumer",36,"United States","Los Angeles","California","90008","West","Pamela","Stobb"
"HF-14995","Herbert Flentye","Consumer",19,"United States","Indianapolis","Indiana","46203","Central","Herbert","Flentye"
"HZ-14950","Henia Zydlo","Consumer",32,"United States","Columbus","Ohio","43229","East","Henia","Zydlo"
"CD-12790","Cynthia Delaney","Home Office",70,"United States","San Diego","California","92037","West","Cynthia","Delaney"
"JK-15205","Jamie Kunitz","Consumer",48,"United States","San Francisco","California","94122","West","Jamie","Kunitz"
"FM-14215","Filia McAdams","Corporate",62,"United States","Dublin","Ohio","43017","East","Filia","McAdams"
"ED-13885","Emily Ducich","Home Office",28,"United States","San Diego","California","92037","West","Emily","Ducich"
"DA-13450","Dianna Arnett","Home Office",38,"United States","Houston","Texas","77095","Central","Dianna","Arnett"
"JW-15955","Joni Wasserman","Consumer",45,"United States","Oakland","California","94601","West","Joni","Wasserman"
"RM-19375","Raymond Messe","Consumer",39,"United States","Houston","Texas","77095","Central","Raymond","Messe"
"ML-17755","Max Ludwig","Home Office",22,"United States","Suffolk","Virginia","23434","South","Max","Ludwig"
"CC-12685","Craig Carroll","Consumer",59,"United States","Greensboro","North Carolina","27405","South","Craig","Carroll"
"JE-15610","Jim Epp","Corporate",38,"United States","Milwaukee","Wisconsin","53209","Central","Jim","Epp"
"RP-19855","Roy Phan","Corporate",50,"United States","Kenosha","Wisconsin","53142","Central","Roy","Phan"
"TB-21175","Thomas Boland","Corporate",45,"United States","Houston","Texas","77041","Central","Thomas","Boland"
"BE-11455","Brad Eason","Home Office",20,"United States","Olathe","Kansas","66062","Central","Brad","Eason"
"JF-15565","Jill Fjeld","Consumer",36,"United States","Dallas","Texas","75081","Central","Jill","Fjeld"
"PB-19210","Phillip Breyer","Corporate",32,"United States","Tulsa","Oklahoma","74133","Central","Phillip","Breyer"
"BT-11680","Brian Thompson","Consumer",70,"United States","Newark","Ohio","43055","East","Brian","Thompson"
"JL-15235","Janet Lee","Consumer",29,"United States","Chicago","Illinois","60623","Central","Janet","Lee"
"CH-12070","Cathy Hwang","Home Office",36,"United States","Raleigh","North Carolina","27604","South","Cathy","Hwang"
"ND-18460","Neil Ducich","Corporate",33,"United States","Macon","Georgia","31204","South","Neil","Ducich"
"BF-10975","Barbara Fisher","Corporate",47,"United States","Charlotte","North Carolina","28205","South","Barbara","Fisher"
"KH-16330","Katharine Harms","Corporate",66,"United States","Bowling Green","Kentucky","42104","South","Katharine","Harms"
"GW-14605","Giulietta Weimer","Consumer",49,"United States","Seattle","Washington","98115","West","Giulietta","Weimer"
"NC-18625","Noah Childs","Corporate",48,"United States","Aurora","Colorado","80013","West","Noah","Childs"
"ME-18010","Michelle Ellison","Corporate",34,"United States","San Francisco","California","94122","West","Michelle","Ellison"
"BP-11230","Benjamin Patterson","Consumer",19,"United States","Spokane","Washington","99207","West","Benjamin","Patterson"
"JC-15775","John Castell","Consumer",22,"United States","San Antonio","Texas","78207","Central","John","Castell"
"AS-10090","Adam Shillingsburg","Consumer",46,"United States","Charlottesville","Virginia","22901","South","Adam","Shillingsburg"
"AC-10450","Amy Cox","Consumer",46,"United States","Minneapolis","Minnesota","55407","Central","Amy","Cox"
"MD-17860","Michael Dominguez","Corporate",21,"United States","Indianapolis","Indiana","46203","Central","Michael","Dominguez"
"DB-13660","Duane Benoit","Consumer",21,"United States","Oceanside","New York","11572","East","Duane","Benoit"
"EH-13990","Erica Hackney","Consumer",22,"United States","Roswell","Georgia","30076","South","Erica","Hackney"
"EH-13765","Edward Hooks","Corporate",44,"United States","Watertown","New York","13601","East","Edward","Hooks"
"SC-20230","Scot Coram","Corporate",20,"United States","Arlington","Texas","76017","Central","Scot","Coram"
"563","ARC%%DA",NULL,NULL,NULL,NULL,NULL,NULL,NULL,NULL,NULL
"JE-15715","Joe Elijah","Consumer",44,"United States","Broomfield","Colorado","80020","West","Joe","Elijah"
"AC-10615","Ann Chong","Corporate",61,"United States","New York City","New York","10009","East","Ann","Chong"
"JD-16015","Joy Daniels","Consumer",23,"United States","Chicago","Illinois","60610","Central","Joy","Daniels"
"CB-12415","Christy Brittain","Consumer",47,"United States","Columbus","Ohio","43229","East","Christy","Brittain"
"LW-17215","Luke Weiss","Consumer",60,"United States","Pasadena","California","91104","West","Luke","Weiss"
"SC-20800","Stuart Calhoun","Consumer",20,"United States","Houston","Texas","77041","Central","Stuart","Calhoun"
"AM-10705","Anne McFarland","Consumer",28,"United States","Auburn","Alabama","36830","South","Anne","McFarland"
"RH-19510","Rick Huthwaite","Home Office",67,"United States","Providence","Rhode Island","2908","East","Rick","Huthwaite"
"CT-11995","Carol Triggs","Consumer",57,"United States","Rochester","Minnesota","55901","Central","Carol","Triggs"
"MC-17590","Matt Collister","Corporate",36,"United States","Perth Amboy","New Jersey","8861","East","Matt","Collister"
"CC-12610","Corey Catlett","Corporate",18,"United States","Philadelphia","Pennsylvania","19134","East","Corey","Catlett"
"KA-16525","Kelly Andreada","Consumer",59,"United States","Ontario","California","91761","West","Kelly","Andreada"
"TC-20980","Tamara Chand","Corporate",29,"United States","Seattle","Washington","98105","West","Tamara","Chand"
"BF-11080","Bart Folk","Consumer",23,"United States","Baltimore","Maryland","21215","East","Bart","Folk"
"MM-17260","Magdelene Morse","Consumer",49,"United States","Wilmington","Delaware","19805","East","Magdelene","Morse"
"AH-10120","Adrian Hane","Home Office",27,"United States","Tucson","Arizona","85705","West","Adrian","Hane"
"BW-11200","Ben Wallace","Consumer",31,"United States","Boynton Beach","Florida","33437","South","Ben","Wallace"
"SW-20245","Scot Wooten","Consumer",20,"United States","Stockton","California","95207","West","Scot","Wooten"
"BS-11665","Brian Stugart","Consumer",21,"United States","Philadelphia","Pennsylvania","19143","East","Brian","Stugart"
"RF-19345","Randy Ferguson","Corporate",48,"United States","Dover","New Hampshire","3820","East","Randy","Ferguson"
"WB-21850","William Brown","Consumer",38,"United States","Philadelphia","Pennsylvania","19134","East","William","Brown"
"TB-21625","Trudy Brown","Consumer",63,"United States","Grand Prairie","Texas","75051","Central","Trudy","Brown"
"AF-10870","Art Ferguson","Consumer",63,"United States","College Station","Texas","77840","Central","Art","Ferguson"
"RB-19435","Richard Bierner","Consumer",18,"United States","Saint Louis","Missouri","63116","Central","Richard","Bierner"
"KF-16285","Karen Ferguson","Home Office",65,"United States","Manteca","California","95336","West","Karen","Ferguson"
"JH-15820","John Huston","Consumer",37,"United States","Kent","Ohio","44240","East","John","Huston"
"IL-15100","Ivan Liston","Consumer",53,"United States","San Francisco","California","94122","West","Ivan","Liston"
"PB-18805","Patrick Bzostek","Home Office",61,"United States","Salt Lake City","Utah","84106","West","Patrick","Bzostek"
"RH-19600","Rob Haberlin","Consumer",21,"United States","Huntsville","Alabama","35810","South","Rob","Haberlin"
"AW-10930","Arthur Wiediger","Home Office",58,"United States","Aurora","Illinois","60505","Central","Arthur","Wiediger"
"ML-17410","Maris LaWare","Consumer",30,"United States","Fairfield","Connecticut","6824","East","Maris","LaWare"
"DB-13555","Dorothy Badders","Corporate",58,"United States","Jacksonville","Florida","32216","South","Dorothy","Badders"
"MH-17620","Matt Hagelstein","Corporate",22,"United States","San Francisco","California","94110","West","Matt","Hagelstein"
"DK-13375","Dennis Kane","Consumer",56,"United States","Marion","Ohio","43302","East","Dennis","Kane"
"BT-11440","Bobby Trafton","Consumer",20,"United States","Littleton","Colorado","80122","West","Bobby","Trafton"
"DB-13405","Denny Blanton","Consumer",41,"United States","La Porte","Indiana","46350","Central","Denny","Blanton"
"TG-21310","Toby Gnade","Consumer",68,"United States","Los Angeles","California","90049","West","Toby","Gnade"
"BF-11005","Barry Franz","Home Office",56,"United States","Pasadena","California","91104","West","Barry","Franz"
"JM-16195","Justin MacKendrick","Consumer",18,"United States","Los Angeles","California","90004","West","Justin","MacKendrick"
"MZ-17335","Maria Zettner","Home Office",29,"United States","San Diego","California","92024","West","Maria","Zettner"
"MW-18220","Mitch Webber","Consumer",69,"United States","New York City","New York","10035","East","Mitch","Webber"
"MV-17485","Mark Van Huff","Consumer",54,"United States","Arlington","Virginia","22204","South","Mark","Van"
"SM-20320","Sean Miller","Home Office",62,"United States","Monroe","North Carolina","28110","South","Sean","Miller"
"TP-21415","Tom Prescott","Consumer",52,"United States","Seattle","Washington","98115","West","Tom","Prescott"
"JK-15625","Jim Karlsson","Consumer",34,"United States","Seattle","Washington","98115","West","Jim","Karlsson"
"PJ-18835","Patrick Jones","Corporate",19,"United States","Murfreesboro","Tennessee","37130","South","Patrick","Jones"
"RS-19420","Ricardo Sperren","Corporate",44,"United States","Seattle","Washington","98115","West","Ricardo","Sperren"
"SV-20935","Susan Vittorini","Consumer",53,"United States","New York City","New York","10009","East","Susan","Vittorini"
"BC-11125","Becky Castell","Home Office",35,"United States","Peoria","Arizona","85345","West","Becky","Castell"
"EM-13825","Elizabeth Moffitt","Corporate",63,"United States","Sioux Falls","South Dakota","57103","Central","Elizabeth","Moffitt"
"BM-11575","Brendan Murry","Corporate",22,"United States","New York City","New York","10035","East","Brendan","Murry"
"KN-16705","Kristina Nunn","Home Office",65,"United States","Fort Collins","Colorado","80525","West","Kristina","Nunn"
"KW-16570","Kelly Williams","Consumer",50,"United States","Clarksville","Tennessee","37042","South","Kelly","Williams"
"SC-20260","Scott Cohen","Corporate",24,"United States","San Francisco","California","94122","West","Scott","Cohen"
"CV-12295","Christina VanderZanden","Consumer",58,"United States","Fresno","California","93727","West","Christina","VanderZanden"
"SG-20605","Speros Goranitis","Consumer",69,"United States","New York City","New York","10009","East","Speros","Goranitis"
"TM-21010","Tamara Manning","Consumer",31,"United States","San Francisco","California","94122","West","Tamara","Manning"
"EM-13810","Eleni McCrary","Corporate",59,"United States","Los Angeles","California","90036","West","Eleni","McCrary"
"ML-18040","Michelle Lonsdale","Corporate",22,"United States","Albuquerque","New Mexico","87105","West","Michelle","Lonsdale"
"CR-12580","Clay Rozendal","Home Office",52,"United States","Elmhurst","Illinois","60126","Central","Clay","Rozendal"
"AZ-10750","Annie Zypern","Consumer",59,"United States","New York City","New York","10009","East","Annie","Zypern"
"PW-19240","Pierre Wener","Consumer",70,"United States","Louisville","Colorado","80027","West","Pierre","Wener"
"SC-20380","Shahid Collister","Consumer",68,"United States","Seattle","Washington","98115","West","Shahid","Collister"
"CM-11935","Carlos Meador","Consumer",56,"United States","Fayetteville","North Carolina","28314","South","Carlos","Meador"
"GM-14695","Greg Maxwell","Corporate",49,"United States","Los Angeles","California","90036","West","Greg","Maxwell"
"TB-21250","Tim Brockman","Consumer",39,"United States","New York City","New York","10024","East","Tim","Brockman"
"JM-15865","John Murray","Consumer",66,"United States","Jamestown","New York","14701","East","John","Murray"
"SC-20575","Sonia Cooley","Consumer",58,"United States","Mishawaka","Indiana","46544","Central","Sonia","Cooley"
"LS-17200","Luke Schmidt","Corporate",59,"United States","Skokie","Illinois","60076","Central","Luke","Schmidt"
"RR-19315","Ralph Ritter","Consumer",31,"United States","San Francisco","California","94110","West","Ralph","Ritter"
"DB-12910","Daniel Byrd","Home Office",38,"United States","Tampa","Florida","33614","South","Daniel","Byrd"
"TT-21220","Thomas Thornton","Consumer",47,"United States","Houston","Texas","77041","Central","Thomas","Thornton"
"LO-17170","Lori Olson","Corporate",29,"United States","La Quinta","California","92253","West","Lori","Olson"
"KD-16615","Ken Dana","Corporate",41,"United States","Scottsdale","Arizona","85254","West","Ken","Dana"
"NB-18580","Nicole Brennan","Corporate",33,"United States","Philadelphia","Pennsylvania","19134","East","Nicole","Brennan"
"BD-11635","Brian Derr","Consumer",42,"United States","Bowling Green","Kentucky","42104","South","Brian","Derr"
"CM-12235","Chris McAfee","Consumer",35,"United States","Carrollton","Texas","75007","Central","Chris","McAfee"
"EN-13780","Edward Nazzal","Consumer",64,"United States","New York City","New York","10035","East","Edward","Nazzal"
"KN-16450","Kean Nguyen","Corporate",47,"United States","Jacksonville","Florida","32216","South","Kean","Nguyen"
"BO-11350","Bill Overfelt","Corporate",46,"United States","Los Angeles","California","90045","West","Bill","Overfelt"
"AG-10300","Aleksandra Gannaway","Corporate",68,"United States","Los Angeles","California","90049","West","Aleksandra","Gannaway"
"MC-17635","Matthew Clasen","Corporate",49,"United States","Saint Louis","Missouri","63116","Central","Matthew","Clasen"
"TA-21385","Tom Ashbrook","Home Office",19,"United States","New York City","New York","10024","East","Tom","Ashbrook"
"JF-15295","Jason Fortune-","Consumer",59,"United States","Seattle","Washington","98103","West","Jason","Fortune-"
"TT-21265","Tim Taslimi","Corporate",69,"United States","Los Angeles","California","90045","West","Tim","Taslimi"
"SB-20170","Sarah Bern","Consumer",62,"United States","New York City","New York","10035","East","Sarah","Bern"
"CL-12700","Craig Leslie","Home Office",36,"United States","Springfield","Missouri","65807","Central","Craig","Leslie"
"HG-15025","Hunter Glantz","Consumer",30,"United States","Amarillo","Texas","79109","Central","Hunter","Glantz"
"NL-18310","Nancy Lomonaco","Home Office",69,"United States","Los Angeles","California","90045","West","Nancy","Lomonaco"
"RR-19525","Rick Reed","Corporate",51,"United States","Lowell","Massachusetts","1852","East","Rick","Reed"
"TC-21295","Toby Carlisle","Consumer",31,"United States","San Diego","California","92024","West","Toby","Carlisle"
"SV-20785","Stewart Visinsky","Consumer",34,"United States","Pueblo","Colorado","81001","West","Stewart","Visinsky"
"BE-11410","Bobby Elias","Consumer",54,"United States","Lancaster","Ohio","43130","East","Bobby","Elias"
"SC-20680","Steve Carroll","Home Office",31,"United States","Columbus","Georgia","31907","South","Steve","Carroll"
"DF-13135","David Flashing","Consumer",45,"United States","Vallejo","California","94591","West","David","Flashing"
"FH-14350","Fred Harton","Consumer",45,"United States","Seattle","Washington","98105","West","Fred","Harton"
"MS-17530","MaryBeth Skach","Consumer",45,"United States","San Diego","California","92037","West","MaryBeth","Skach"
"RH-19555","Ritsa Hightower","Consumer",61,"United States","Tallahassee","Florida","32303","South","Ritsa","Hightower"
"GA-14515","George Ashbrook","Consumer",42,"United States","San Francisco","California","94122","West","George","Ashbrook"
"JP-16135","Julie Prescott","Home Office",57,"United States","Columbus","Georgia","31907","South","Julie","Prescott"
"Dp-13240","Dean percer","Home Office",64,"United States","Murray","Utah","84107","West","Dean","percer"
"MO-17950","Michael Oakman","Consumer",35,"United States","Dallas","Texas","75220","Central","Michael","Oakman"
"DL-13330","Denise Leinenbach","Consumer",69,"United States","Las Cruces","New Mexico","88001","West","Denise","Leinenbach"
"MH-18025","Michelle Huthwaite","Consumer",40,"United States","Seattle","Washington","98115","West","Michelle","Huthwaite"
"DR-12940","Daniel Raglin","Home Office",65,"United States","Franklin","Massachusetts","2038","East","Daniel","Raglin"
"DM-13015","Darrin Martin","Consumer",53,"United States","Encinitas","California","92024","West","Darrin","Martin"
"CA-11965","Carol Adams","Corporate",19,"United States","Hoover","Alabama","35244","South","Carol","Adams"
"AC-10660","Anna Chung","Consumer",30,"United States","Huntsville","Texas","77340","Central","Anna","Chung"
"DM-13345","Denise Monton","Corporate",46,"United States","Roswell","Georgia","30076","South","Denise","Monton"
"VF-21715","Vicky Freymann","Home Office",59,"United States","Columbus","Indiana","47201","Central","Vicky","Freymann"
"CC-12370","Christopher Conant","Consumer",38,"United States","Fayetteville","North Carolina","28314","South","Christopher","Conant"
"BF-11275","Beth Fritzler","Corporate",21,"United States","Tucson","Arizona","85705","West","Beth","Fritzler"
"HG-14845","Harry Greene","Consumer",63,"United States","Lake Charles","Louisiana","70601","South","Harry","Greene"
"BP-11155","Becky Pak","Consumer",46,"United States","Columbus","Georgia","31907","South","Becky","Pak"
"EM-14140","Eugene Moren","Home Office",49,"United States","Glendale","Arizona","85301","West","Eugene","Moren"
"MA-17995","Michelle Arnett","Home Office",33,"United States","Watertown","New York","13601","East","Michelle","Arnett"
"AY-10555","Andy Yotov","Corporate",61,"United States","Oceanside","California","92054","West","Andy","Yotov"
"GB-14575","Giulietta Baptist","Consumer",50,"United States","Philadelphia","Pennsylvania","19134","East","Giulietta","Baptist"
"CG-12520","Claire Gute","Consumer",67,"United States","Henderson","Kentucky","42420","South","Claire","Gute"
"DV-13045","Darrin Van Huff","Corporate",31,"United States","Los Angeles","California","90036","West","Darrin","Van"
"SO-20335","Sean O'Donnell","Consumer",65,"United States","Fort Lauderdale","Florida","33311","South","Sean","O'Donnell"
"BH-11710","Brosina Hoffman","Consumer",20,"United States","Los Angeles","California","90032","West","Brosina","Hoffman"
"AA-10480","Andrew Allen","Consumer",50,"United States","Concord","North Carolina","28027","South","Andrew","Allen"
"IM-15070","Irene Maddox","Consumer",66,"United States","Seattle","Washington","98103","West","Irene","Maddox"
"HP-14815","Harold Pawlan","Home Office",20,"United States","Fort Worth","Texas","76106","Central","Harold","Pawlan"
"PK-19075","Pete Kriz","Consumer",46,"United States","Madison","Wisconsin","53711","Central","Pete","Kriz"
"AG-10270","Alejandro Grove","Consumer",18,"United States","West Jordan","Utah","84084","West","Alejandro","Grove"
"ZD-21925","Zuschuss Donatelli","Consumer",66,"United States","San Francisco","California","94109","West","Zuschuss","Donatelli"
"KB-16585","Ken Black","Corporate",67,"United States","Fremont","Nebraska","68025","Central","Ken","Black"
"SF-20065","Sandra Flanagan","Consumer",41,"United States","Philadelphia","Pennsylvania","19140","East","Sandra","Flanagan"
"EB-13870","Emily Burns","Consumer",34,"United States","Orem","Utah","84057","West","Emily","Burns"
"EH-13945","Eric Hoffmann","Consumer",21,"United States","Los Angeles","California","90049","West","Eric","Hoffmann"
"TB-21520","Tracy Blumstein","Consumer",48,"United States","Philadelphia","Pennsylvania","19140","East","Tracy","Blumstein"
"MA-17560","Matt Abelman","Home Office",19,"United States","Houston","Texas","77095","Central","Matt","Abelman"
"JB-16045","Julia Barnett","Home Office",65,"United States","Columbus","Georgia","31907","South","Julia","Barnett"
"MG-17875","Michael Grace","Home Office",67,"United States","New York City","New York","10011","East","Michael","Grace"
"SR-20425","Sharelle Roach","Home Office",25,"United States","Louisville","Colorado","80027","West","Sharelle","Roach"
"JB-16000","Joy Bell-","Consumer",46,"United States","Brownsville","Texas","78521","Central","Joy","Bell-"
"DM-12955","Dario Medina","Corporate",26,"United States","Lincoln Park","Michigan","48146","Central","Dario","Medina"
"TC-21475","Tony Chapman","Home Office",64,"United States","Columbus","Georgia","31907","South","Tony","Chapman"
"SW-20350","Sean Wendt","Home Office",51,"United States","Detroit","Michigan","48227","Central","Sean","Wendt"
"RE-19450","Richard Eichhorn","Consumer",30,"United States","Dallas","Texas","75081","Central","Richard","Eichhorn"
"BF-11215","Benjamin Farhat","Home Office",69,"United States","Albuquerque","New Mexico","87105","West","Benjamin","Farhat"
"KB-16405","Katrina Bavinger","Home Office",34,"United States","Apple Valley","California","92307","West","Katrina","Bavinger"
"JG-15310","Jason Gross","Corporate",61,"United States","Providence","Rhode Island","2908","East","Jason","Gross"
"EC-14050","Erin Creighton","Consumer",52,"United States","New York City","New York","10024","East","Erin","Creighton"
"EB-14110","Eugene Barchas","Consumer",44,"United States","Philadelphia","Pennsylvania","19134","East","Eugene","Barchas"
"JP-15460","Jennifer Patt","Corporate",69,"United States","Oceanside","New York","11572","East","Jennifer","Patt"
"CS-11845","Cari Sayre","Corporate",24,"United States","Seattle","Washington","98105","West","Cari","Sayre"
"GH-14410","Gary Hansen","Home Office",42,"United States","Glendale","Arizona","85301","West","Gary","Hansen"
"PT-19090","Pete Takahito","Consumer",48,"United States","Houston","Texas","77070","Central","Pete","Takahito"
"JL-15130","Jack Lebron","Consumer",63,"United States","Houston","Texas","77036","Central","Jack","Lebron"
"AH-10030","Aaron Hawkins","Corporate",60,"United States","Philadelphia","Pennsylvania","19134","East","Aaron","Hawkins"
"CC-12475","Cindy Chapman","Consumer",48,"United States","New York City","New York","10024","East","Cindy","Chapman"
"DW-13195","David Wiener","Corporate",55,"United States","Houston","Texas","77095","Central","David","Wiener"
"SJ-20215","Sarah Jordon","Consumer",50,"United States","Grand Prairie","Texas","75051","Central","Sarah","Jordon"
"BG-11740","Bruce Geld","Consumer",39,"United States","Philadelphia","Pennsylvania","19120","East","Bruce","Geld"
"LB-16795","Laurel Beltran","Home Office",18,"United States","Highland Park","Illinois","60035","Central","Laurel","Beltran"
"CM-11815","Candace McMahon","Corporate",28,"United States","Pasadena","Texas","77506","Central","Candace","McMahon"
"EH-14185","Evan Henry","Consumer",31,"United States","Decatur","Alabama","35601","South","Evan","Henry"
"TS-21505","Tony Sayre","Consumer",32,"United States","Columbia","Tennessee","38401","South","Tony","Sayre"
"PR-18880","Patrick Ryan","Consumer",44,"United States","Oakland","California","94601","West","Patrick","Ryan"
"LC-17050","Liz Carlisle","Consumer",60,"United States","Mission Viejo","California","92691","West","Liz","Carlisle"
"JG-15115","Jack Garza","Consumer",63,"United States","Des Moines","Washington","98198","West","Jack","Garza"
"CS-12490","Cindy Schnelling","Corporate",32,"United States","Conroe","Texas","77301","Central","Cindy","Schnelling"
"DH-13075","Dave Hallsten","Corporate",58,"United States","Richmond","Kentucky","40475","South","Dave","Hallsten"
"JO-15145","Jack O'Briant","Corporate",68,"United States","Philadelphia","Pennsylvania","19140","East","Jack","O'Briant"
"AH-10690","Anna Haberlin","Corporate",39,"United States","New York City","New York","10024","East","Anna","Haberlin"
"HJ-14875","Heather Jas","Home Office",32,"United States","Jacksonville","Florida","32216","South","Heather","Jas"
"MH-17455","Mark Hamilton","Consumer",49,"United States","Jacksonville","North Carolina","28540","South","Mark","Hamilton"
"RD-19930","Russell D'Ascenzo","Consumer",67,"United States","Austin","Texas","78745","Central","Russell","D'Ascenzo"
"SC-20020","Sam Craven","Consumer",56,"United States","Plano","Texas","75023","Central","Sam","Craven"
"SU-20665","Stephanie Ulpright","Home Office",30,"United States","Jackson","Mississippi","39212","South","Stephanie","Ulpright"
"FC-14335","Fred Chung","Corporate",64,"United States","Mesquite","Texas","75150","Central","Fred","Chung"
"RB-19330","Randy Bradley","Consumer",63,"United States","Philadelphia","Pennsylvania","19143","East","Randy","Bradley"
"NC-18535","Nick Crebassa","Corporate",59,"United States","Dallas","Texas","75217","Central","Nick","Crebassa"
"DB-12970","Darren Budd","Corporate",42,"United States","Los Angeles","California","90004","West","Darren","Budd"
"MF-17665","Maureen Fritzler","Corporate",37,"United States","Toledo","Ohio","43615","East","Maureen","Fritzler"
"RM-19750","Roland Murray","Consumer",66,"United States","New York City","New York","10011","East","Roland","Murray"
"VM-21835","Vivian Mathis","Consumer",60,"United States","Newark","Delaware","19711","East","Vivian","Mathis"
"EJ-13720","Ed Jacobs","Consumer",44,"United States","San Diego","California","92037","West","Ed","Jacobs"
"NC-18415","Nathan Cano","Consumer",29,"United States","Jacksonville","North Carolina","28540","South","Nathan","Cano"
"LS-17230","Lycoris Saunders","Consumer",42,"United States","Dover","Delaware","19901","East","Lycoris","Saunders"
"KE-16420","Katrina Edelman","Corporate",53,"United States","Bristol","Tennessee","37620","South","Katrina","Edelman"
"DH-13675","Duane Huffman","Home Office",65,"United States","Quincy","Massachusetts","2169","East","Duane","Huffman"
"PF-19120","Peter Fuller","Consumer",48,"United States","Gilbert","Arizona","85234","West","Peter","Fuller"
"VT-21700","Valerie Takahito","Home Office",44,"United States","Philadelphia","Pennsylvania","19143","East","Valerie","Takahito"
"MG-17695","Maureen Gnade","Consumer",33,"United States","Buffalo","New York","14215","East","Maureen","Gnade"
"SP-20920","Susan Pistek","Consumer",37,"United States","Los Angeles","California","90036","West","Susan","Pistek"
"CS-12175","Charles Sheldon","Corporate",67,"United States","Columbia","Tennessee","38401","South","Charles","Sheldon"
"DK-12895","Dana Kaydos","Consumer",47,"United States","Kenosha","Wisconsin","53142","Central","Dana","Kaydos"
"KM-16660","Khloe Miller","Consumer",57,"United States","Roswell","Georgia","30076","South","Khloe","Miller"
"AA-10645","Anna Andreadi","Consumer",32,"United States","Chester","Pennsylvania","19013","East","Anna","Andreadi"
"DD-13570","Dorothy Dickinson","Consumer",32,"United States","Houston","Texas","77041","Central","Dorothy","Dickinson"
"AH-10465","Amy Hunt","Consumer",24,"United States","New York City","New York","10035","East","Amy","Hunt"
"TP-21565","Tracy Poddar","Corporate",25,"United States","Aurora","Colorado","80013","West","Tracy","Poddar"
"EK-13795","Eileen Kiefer","Home Office",25,"United States","Santa Ana","California","92704","West","Eileen","Kiefer"
"CR-12820","Cyra Reiten","Home Office",38,"United States","New York City","New York","10035","East","Cyra","Reiten"
"SG-20890","Susan Gilcrest","Corporate",41,"United States","Mcallen","Texas","78501","Central","Susan","Gilcrest"
"AH-10585","Angele Hood","Consumer",34,"United States","Chicago","Illinois","60623","Central","Angele","Hood"
"NF-18475","Neil Franzosisch","Home Office",55,"United States","Rockford","Illinois","61107","Central","Neil","Franzosisch"
"BS-11365","Bill Shonely","Corporate",34,"United States","New York City","New York","10011","East","Bill","Shonely"
"SH-20635","Stefanie Holloman","Corporate",57,"United States","Jackson","Tennessee","38301","South","Stefanie","Holloman"
"RD-19720","Roger Demir","Consumer",30,"United States","Daytona Beach","Florida","32114","South","Roger","Demir"
"AG-10330","Alex Grayson","Consumer",51,"United States","Stockton","California","95207","West","Alex","Grayson"
"GR-14560","Georgia Rosenberg","Corporate",33,"United States","San Francisco","California","94110","West","Georgia","Rosenberg"
"VS-21820","Vivek Sundaresam","Consumer",22,"United States","Los Angeles","California","90036","West","Vivek","Sundaresam"
"TM-21490","Tony Molinari","Consumer",63,"United States","Oklahoma City","Oklahoma","73120","Central","Tony","Molinari"
"TS-21430","Tom Stivers","Corporate",22,"United States","Los Angeles","California","90045","West","Tom","Stivers"
"DB-13360","Dennis Bolton","Home Office",41,"United States","New York City","New York","10009","East","Dennis","Bolton"
"NR-18550","Nick Radford","Consumer",21,"United States","Aurora","Illinois","60505","Central","Nick","Radford"
"CS-11860","Cari Schnelling","Consumer",69,"United States","Jacksonville","North Carolina","28540","South","Cari","Schnelling"
"MF-18250","Monica Federle","Corporate",34,"United States","Los Angeles","California","90036","West","Monica","Federle"
"LW-17125","Liz Willingham","Consumer",55,"United States","Norwich","Connecticut","6360","East","Liz","Willingham"
"AR-10345","Alex Russell","Corporate",38,"United States","Lawrence","Massachusetts","1841","East","Alex","Russell"
"KS-16300","Karen Seio","Corporate",53,"United States","Lehi","Utah","84043","West","Karen","Seio"
"AB-10015","Aaron Bergman","Consumer",66,"United States","Seattle","Washington","98103","West","Aaron","Bergman"
"LR-17035","Lisa Ryan","Corporate",62,"United States","Philadelphia","Pennsylvania","19134","East","Lisa","Ryan"
"SS-20410","Shahid Shariari","Consumer",35,"United States","Los Angeles","California","90008","West","Shahid","Shariari"
"JM-15580","Jill Matthias","Consumer",37,"United States","Monroe","North Carolina","28110","South","Jill","Matthias"
"JK-15325","Jason Klamczynski","Corporate",69,"United States","Dallas","Texas","75220","Central","Jason","Klamczynski"
"DM-13525","Don Miller","Corporate",18,"United States","Houston","Texas","77070","Central","Don","Miller"
"ML-18265","Muhammed Lee","Consumer",51,"United States","Seattle","Washington","98103","West","Muhammed","Lee"
"MH-17290","Marc Harrigan","Home Office",39,"United States","Los Angeles","California","90036","West","Marc","Harrigan"
"FC-14245","Frank Carlisle","Home Office",20,"United States","Lakewood","Ohio","44107","East","Frank","Carlisle"
"TH-21115","Thea Hudgings","Corporate",38,"United States","Philadelphia","Pennsylvania","19140","East","Thea","Hudgings"
"JK-16090","Juliana Krohn","Consumer",51,"United States","Omaha","Nebraska","68104","Central","Juliana","Krohn"
"SB-20185","Sarah Brown","Consumer",31,"United States","Concord","New Hampshire","3301","East","Sarah","Brown"
"BG-11035","Barry Gonzalez","Consumer",57,"United States","Monroe","Louisiana","71203","South","Barry","Gonzalez"
"BW-11065","Barry Weirich","Consumer",30,"United States","Raleigh","North Carolina","27604","South","Barry","Weirich"
"MG-18205","Mitch Gastineau","Corporate",55,"United States","Jacksonville","Florida","32216","South","Mitch","Gastineau"
"DO-13645","Doug O'Connell","Consumer",20,"United States","Los Angeles","California","90036","West","Doug","O'Connell"
"BP-11050","Barry Pond","Corporate",65,"United States","Cranston","Rhode Island","2920","East","Barry","Pond"
"TS-21655","Trudy Schmidt","Consumer",21,"United States","Milwaukee","Wisconsin","53209","Central","Trudy","Schmidt"
"EM-14200","Evan Minnotte","Home Office",52,"United States","Virginia Beach","Virginia","23464","South","Evan","Minnotte"
"AO-10810","Anthony O'Donnell","Corporate",66,"United States","Los Angeles","California","90045","West","Anthony","O'Donnell"
"MH-17440","Mark Haberlin","Corporate",47,"United States","New York City","New York","10035","East","Mark","Haberlin"
"SS-20515","Shirley Schmidt","Home Office",31,"United States","Louisville","Kentucky","40214","South","Shirley","Schmidt"
"LD-16855","Lela Donovan","Corporate",52,"United States","Chicago","Illinois","60653","Central","Lela","Donovan"
"VP-21760","Victoria Pisteka","Corporate",35,"United States","San Francisco","California","94109","West","Victoria","Pisteka"
"TC-21145","Theresa Coyne","Corporate",63,"United States","Lakewood","New Jersey","8701","East","Theresa","Coyne"
"IM-15055","Ionia McGrath","Consumer",40,"United States","Roseville","California","95661","West","Ionia","McGrath"
"AR-10570","Anemone Ratner","Consumer",36,"United States","Columbus","Georgia","31907","South","Anemone","Ratner"
"CM-12715","Craig Molinari","Corporate",53,"United States","Huntsville","Texas","77340","Central","Craig","Molinari"
"FW-14395","Fred Wasserman","Corporate",41,"United States","Huntsville","Alabama","35810","South","Fred","Wasserman"
"LC-16960","Lindsay Castell","Home Office",57,"United States","Arlington","Virginia","22204","South","Lindsay","Castell"
"HE-14800","Harold Engle","Corporate",31,"United States","Chicago","Illinois","60623","Central","Harold","Engle"
"BD-11560","Brendan Dodson","Home Office",54,"United States","Fresno","California","93727","West","Brendan","Dodson"
"HD-14785","Harold Dahlen","Home Office",32,"United States","Philadelphia","Pennsylvania","19143","East","Harold","Dahlen"
"CJ-11875","Carl Jackson","Corporate",64,"United States","Philadelphia","Pennsylvania","19140","East","Carl","Jackson"
"RS-19870","Roy Skaria","Home Office",39,"United States","Burlington","Iowa","52601","Central","Roy","Skaria"
"SC-20845","Sung Chung","Consumer",69,"United States","Arlington Heights","Illinois","60004","Central","Sung","Chung"
"RE-19405","Ricardo Emerson","Consumer",35,"United States","Kent","Ohio","44240","East","Ricardo","Emerson"
"SM-20905","Susan MacKendrick","Consumer",46,"United States","Newark","Ohio","43055","East","Susan","MacKendrick"
"id-12345","arc","arc-da",24,"india","nagpur","mh","440024","central","arc",""
"id-12346","arc1","arc-da1",27,"india","nagpur","mh","440024","central1","arc1",""
"RA-19885","Ruben Ausman","Corporate1",51,"United States","Los Angeles","California","90049","West","Ruben","Ausman"
